{"cameraMode":{"drawMode":0,"name":"Shaded","section":"Shading Mode"},"sceneLighting":true,"audioPlay":false,"sceneViewState":{"m_AlwaysRefresh":false,"showFog":true,"showSkybox":true,"showFlares":true,"showImageEffects":true,"showParticleSystems":true,"showVisualEffectGraphs":true,"m_FxEnabled":true},"in2DMode":false,"pivot":{"x":205.01402282714845,"y":152.35232543945313,"z":-64.24832916259766},"rotation":{"x":-0.2694113552570343,"y":-0.004163702484220266,"z":-0.0005934119690209627,"w":-0.9633197784423828},"size":7.0892133712768559,"orthographic":false}